{"cameraMode":{"drawMode":0,"name":"Shaded","section":"Shading Mode"},"sceneLighting":false,"audioPlay":false,"sceneViewState":{"m_AlwaysRefresh":false,"showFog":true,"showSkybox":false,"showFlares":true,"showImageEffects":true,"showParticleSystems":true,"showVisualEffectGraphs":true,"m_FxEnabled":true},"in2DMode":false,"pivot":{"x":0.29144707322120669,"y":0.6679779291152954,"z":-1.0791430473327637},"rotation":{"x":0.15217190980911256,"y":-0.05453077331185341,"z":0.008408928290009499,"w":0.9868143796920776},"size":2.7156078815460207,"orthographic":true}